<?xml version="1.0" encoding="UTF-8" ?>
<!DOCTYPE mapper PUBLIC "-//mybatis.org//DTD Mapper 3.0//EN" "http://mybatis.org/dtd/mybatis-3-mapper.dtd">


<mapper namespace="board">

	<!-- 전체리스트 -->
	<select id="selectList" resultType="com.javaex.vo.BoardVO">
		<![CDATA[
			select 	b.no,
					b.title,
			        b.content,
			        b.hit,
			        date_format(b.reg_date, "%Y-%m-%d") regDate,
			        u.no userNo,
			        u.name userName
			from users u, board b
			where u.no = b.user_no
			order by b.no asc
		]]>
	</select>
	
	<!-- 리스트(페이징) -->
	<select id="selectList2" parameterType="map" resultType="com.javaex.vo.BoardVO">
		<![CDATA[
			select 	b.no,
					b.title,
					b.content,
					b.hit,
					date_format(b.reg_date, "%Y-%m-%d") regDate,
					u.no userNo,
					u.name userName
			from users u, board b
			where u.no = b.user_no
			order by b.no asc
			limit #{startRowNo}, #{listCnt}
		]]>
	</select>
	
	
	<!-- 리스트(페이징+검색) -->
	<select id="selectList3" parameterType="map" resultType="com.javaex.vo.BoardVO">
		<![CDATA[   
			select 	b.no,
					b.title,
					b.content,
					b.hit,
					date_format(b.reg_date, "%Y-%m-%d") regDate,
					u.no userNo,
					u.name userName
			from users u, board b
			where u.no = b.user_no
			
		]]>	
		<if test="kwd != null">
			and title like concat('%', #{kwd}, '%')
		</if>
		<![CDATA[   
			order by b.no asc
			limit #{startRowNo}, #{listCnt}
		]]>
	</select>
	
	
	
	<!-- 전체글갯수 구하기 (페이징)-->
	<select id="selectTotalCount" resultType="int">
		<![CDATA[
			select count(*) count
			from board
		]]>
	</select>
	
	<!-- 전체글갯수 구하기 (페이징+검색)-->
	<select id="selectTotalCountByKwd" resultType="int">
		<![CDATA[
			select count(*) count
			from board
			where title like concat('%', #{kwd}, '%')
		]]>
	</select>
	
</mapper>