<?xml version="1.0" encoding="UTF-8" ?>
<!DOCTYPE mapper PUBLIC "-//mybatis.org//DTD Mapper 3.0//EN" "http://mybatis.org/dtd/mybatis-3-mapper.dtd">


<mapper namespace="guestbook">
	
	<!-- 방명록전체가져오기 -->
	<select id="selectList"  resultType="com.javaex.vo.GuestbookVO">
		<![CDATA[    
			select 	no,
					name,
					password,
			        content,
			        reg_date as regDate
			from guestbook
			order by reg_date desc  
		]]>
	</select>

		
	
	<!-- 방명록저장 -->
	<insert id="insert" parameterType="com.javaex.vo.GuestbookVO">
		<![CDATA[    
			insert into guestbook
			values(null, #{name}, #{password}, #{content}, now())
		]]>
	</insert>
	
	
	
	<!-- 방명록삭제 -->
	<delete id="delete" parameterType="com.javaex.vo.GuestbookVO">
		<![CDATA[    
			delete from guestbook
			where no = #{no}
			and password = #{password}
		]]>
	</delete>
	
	
	
	<!-- 방명록등록 키가져오기 -->
	<insert id="insertkey" parameterType="com.javaex.vo.GuestbookVO">
		<![CDATA[    
			insert into guestbook
			values(null, #{name}, #{password}, #{content}, now())
		]]>
		
		<selectKey keyProperty="no" resultType="int" order="AFTER">	
	    	<![CDATA[
				select last_insert_id()
            ]]>
		</selectKey>
		
	</insert>
	
	
	<!-- 글 1개 가져오기 -->
	<select id="selectOne" parameterType="int" resultType="com.javaex.vo.GuestbookVO">
		<![CDATA[ 
			select 	no,
					name,
					content,
			        reg_date regDate
			from guestbook
			where no = #{no}
		]]>
	</select>
	
	
</mapper>